Workbook

Sheet README
A1: Template de backtest pour agent Jira finance
A3: Section | B3: Description
A4: Objectif | B4: Suivre la qualité du routage tool, l'extraction des arguments, le temps de réponse et la qualité finale sur des tickets Jira résolus.
A5: Feuille TICKETS_DATASET | B5: Vérité terrain. Un ticket par ligne avec le tool attendu, les arguments attendus et la résolution réelle.
A6: Feuille RESULTAT_AGENT | B6: Sortie de l'agent. Une ligne par ticket rejoué avec comparaison automatique contre le dataset.
A7: Feuille METRICS | B7: KPIs automatiques, taux de réussite, temps moyen et matrice de confusion simple.
A8: Mode d'emploi | B8: 1. Renseigner TICKETS_DATASET. 2. Rejouer les tickets. 3. Coller les sorties dans RESULTAT_AGENT. 4. Lire les KPIs dans METRICS.
A11: Conventions
A12: Bleu | B12: Inputs manuels dans RESULTAT_AGENT
A13: Vert | B13: Valeurs liées/importées depuis TICKETS_DATASET
A14: Noir | B14: Formules et calculs
A15: Orange | B15: Champs de revue ou ticket ambigu

Sheet TICKETS_DATASET
A1: ticket_id | B1: title | C1: description | D1: portfolio_attendu | E1: date_attendue | F1: type_probleme_reel | G1: tool_attendu | H1: resolution_reelle | I1: commentaire_metier | J1: difficulte_ticket
A2: JIRA-1024 | B2: Ecart valorisation PF001 | C2: Le client signale un écart de NAV sur la date du 2026-03-05 pour le portefeuille PF001. | D2: PF001 | E2: 2026-03-05 | F2: nav_issue | G2: extract_nav | H2: NAV confirmée et écart analysé | I2: Exemple de ticket clair | J2: simple
A3: JIRA-1025 | B3: Performance portefeuille PF007 | C3: Le client souhaite comprendre la variation de performance du portefeuille PF007 au 2026-03-05. | D3: PF007 | E3: 2026-03-05 | F3: performance_issue | G3: compute_pnl | H3: PNL calculé et partagé | I3: Exemple de ticket PNL | J3: simple

Sheet RESULTAT_AGENT
A1: ticket_id | B1: tool_choisi_agent | C1: portfolio_extrait | D1: date_extraite | E1: reponse_agent | F1: temps_execution_sec | G1: erreur_execution | H1: commentaire_revue | I1: tool_attendu | J1: portfolio_attendu | K1: date_attendue | L1: tool_correct | M1: arguments_corrects | N1: ticket_ambigu | O1: reponse_a_revoir
A2: JIRA-1024 | B2: extract_nav | C2: PF001 | D2: 2026-03-05 | E2: La NAV du portefeuille PF001 pour la date du 2026-03-05 est de 1 250 345.78 EUR. | F2: 3.2 | I2: =IFERROR(INDEX(TICKETS_DATASET!$G$2:$G$301,MATCH($A2,TICKETS_DATASET!$A$2:$A$301,0)),"") | J2: =IFERROR(INDEX(TICKETS_DATASET!$D$2:$D$301,MATCH($A2,TICKETS_DATASET!$A$2:$A$301,0)),"") | K2: =IFERROR(INDEX(TICKETS_DATASET!$E$2:$E$301,MATCH($A2,TICKETS_DATASET!$A$2:$A$301,0)),"") | L2: =IF($A2="","",IF($B2=$I2,1,0)) | M2: =IF($A2="","",IF(AND($C2=$J2,$D2=$K2),1,0)) | N2: =IF($A2="","",IFERROR(IF(INDEX(TICKETS_DATASET!$J$2:$J$301,MATCH($A2,TICKETS_DATASET!$A$2:$A$301,0))="ambigu",1,0),0)) | O2: =IF($A2="","",IF(OR($G2<>"",$L2=0,$M2=0),1,0))
A3: JIRA-1025 | B3: compute_pnl | C3: PF007 | D3: 2026-03-05 | E3: Le PNL pour le portefeuille PF007 à la date du 2026-03-05 est de 23 456,78 EUR. | F3: 3.8 | I3: =IFERROR(INDEX(TICKETS_DATASET!$G$2:$G$301,MATCH($A3,TICKETS_DATASET!$A$2:$A$301,0)),"") | J3: =IFERROR(INDEX(TICKETS_DATASET!$D$2:$D$301,MATCH($A3,TICKETS_DATASET!$A$2:$A$301,0)),"") | K3: =IFERROR(INDEX(TICKETS_DATASET!$E$2:$E$301,MATCH($A3,TICKETS_DATASET!$A$2:$A$301,0)),"") | L3: =IF($A3="","",IF($B3=$I3,1,0)) | M3: =IF($A3="","",IF(AND($C3=$J3,$D3=$K3),1,0)) | N3: =IF($A3="","",IFERROR(IF(INDEX(TICKETS_DATASET!$J$2:$J$301,MATCH($A3,TICKETS_DATASET!$A$2:$A$301,0))="ambigu",1,0),0)) | O3: =IF($A3="","",IF(OR($G3<>"",$L3=0,$M3=0),1,0))
I4: =IFERROR(INDEX(TICKETS_DATASET!$G$2:$G$301,MATCH($A4,TICKETS_DATASET!$A$2:$A$301,0)),"") | J4: =IFERROR(INDEX(TICKETS_DATASET!$D$2:$D$301,MATCH($A4,TICKETS_DATASET!$A$2:$A$301,0)),"") | K4: =IFERROR(INDEX(TICKETS_DATASET!$E$2:$E$301,MATCH($A4,TICKETS_DATASET!$A$2:$A$301,0)),"") | L4: =IF($A4="","",IF($B4=$I4,1,0)) | M4: =IF($A4="","",IF(AND($C4=$J4,$D4=$K4),1,0)) | N4: =IF($A4="","",IFERROR(IF(INDEX(TICKETS_DATASET!$J$2:$J$301,MATCH($A4,TICKETS_DATASET!$A$2:$A$301,0))="ambigu",1,0),0)) | O4: =IF($A4="","",IF(OR($G4<>"",$L4=0,$M4=0),1,0))
I5: =IFERROR(INDEX(TICKETS_DATASET!$G$2:$G$301,MATCH($A5,TICKETS_DATASET!$A$2:$A$301,0)),"") | J5: =IFERROR(INDEX(TICKETS_DATASET!$D$2:$D$301,MATCH($A5,TICKETS_DATASET!$A$2:$A$301,0)),"") | K5: =IFERROR(INDEX(TICKETS_DATASET!$E$2:$E$301,MATCH($A5,TICKETS_DATASET!$A$2:$A$301,0)),"") | L5: =IF($A5="","",IF($B5=$I5,1,0)) | M5: =IF($A5="","",IF(AND($C5=$J5,$D5=$K5),1,0)) | N5: =IF($A5="","",IFERROR(IF(INDEX(TICKETS_DATASET!$J$2:$J$301,MATCH($A5,TICKETS_DATASET!$A$2:$A$301,0))="ambigu",1,0),0)) | O5: =IF($A5="","",IF(OR($G5<>"",$L5=0,$M5=0),1,0))
I6: =IFERROR(INDEX(TICKETS_DATASET!$G$2:$G$301,MATCH($A6,TICKETS_DATASET!$A$2:$A$301,0)),"") | J6: =IFERROR(INDEX(TICKETS_DATASET!$D$2:$D$301,MATCH($A6,TICKETS_DATASET!$A$2:$A$301,0)),"") | K6: =IFERROR(INDEX(TICKETS_DATASET!$E$2:$E$301,MATCH($A6,TICKETS_DATASET!$A$2:$A$301,0)),"") | L6: =IF($A6="","",IF($B6=$I6,1,0)) | M6: =IF($A6="","",IF(AND($C6=$J6,$D6=$K6),1,0)) | N6: =IF($A6="","",IFERROR(IF(INDEX(TICKETS_DATASET!$J$2:$J$301,MATCH($A6,TICKETS_DATASET!$A$2:$A$301,0))="ambigu",1,0),0)) | O6: =IF($A6="","",IF(OR($G6<>"",$L6=0,$M6=0),1,0))
I7: =IFERROR(INDEX(TICKETS_DATASET!$G$2:$G$301,MATCH($A7,TICKETS_DATASET!$A$2:$A$301,0)),"") | J7: =IFERROR(INDEX(TICKETS_DATASET!$D$2:$D$301,MATCH($A7,TICKETS_DATASET!$A$2:$A$301,0)),"") | K7: =IFERROR(INDEX(TICKETS_DATASET!$E$2:$E$301,MATCH($A7,TICKETS_DATASET!$A$2:$A$301,0)),"") | L7: =IF($A7="","",IF($B7=$I7,1,0)) | M7: =IF($A7="","",IF(AND($C7=$J7,$D7=$K7),1,0)) | N7: =IF($A7="","",IFERROR(IF(INDEX(TICKETS_DATASET!$J$2:$J$301,MATCH($A7,TICKETS_DATASET!$A$2:$A$301,0))="ambigu",1,0),0)) | O7: =IF($A7="","",IF(OR($G7<>"",$L7=0,$M7=0),1,0))
I8: =IFERROR(INDEX(TICKETS_DATASET!$G$2:$G$301,MATCH($A8,TICKETS_DATASET!$A$2:$A$301,0)),"") | J8: =IFERROR(INDEX(TICKETS_DATASET!$D$2:$D$301,MATCH($A8,TICKETS_DATASET!$A$2:$A$301,0)),"") | K8: =IFERROR(INDEX(TICKETS_DATASET!$E$2:$E$301,MATCH($A8,TICKETS_DATASET!$A$2:$A$301,0)),"") | L8: =IF($A8="","",IF($B8=$I8,1,0)) | M8: =IF($A8="","",IF(AND($C8=$J8,$D8=$K8),1,0)) | N8: =IF($A8="","",IFERROR(IF(INDEX(TICKETS_DATASET!$J$2:$J$301,MATCH($A8,TICKETS_DATASET!$A$2:$A$301,0))="ambigu",1,0),0)) | O8: =IF($A8="","",IF(OR($G8<>"",$L8=0,$M8=0),1,0))
I9: =IFERROR(INDEX(TICKETS_DATASET!$G$2:$G$301,MATCH($A9,TICKETS_DATASET!$A$2:$A$301,0)),"") | J9: =IFERROR(INDEX(TICKETS_DATASET!$D$2:$D$301,MATCH($A9,TICKETS_DATASET!$A$2:$A$301,0)),"") | K9: =IFERROR(INDEX(TICKETS_DATASET!$E$2:$E$301,MATCH($A9,TICKETS_DATASET!$A$2:$A$301,0)),"") | L9: =IF($A9="","",IF($B9=$I9,1,0)) | M9: =IF($A9="","",IF(AND($C9=$J9,$D9=$K9),1,0)) | N9: =IF($A9="","",IFERROR(IF(INDEX(TICKETS_DATASET!$J$2:$J$301,MATCH($A9,TICKETS_DATASET!$A$2:$A$301,0))="ambigu",1,0),0)) | O9: =IF($A9="","",IF(OR($G9<>"",$L9=0,$M9=0),1,0))
I10: =IFERROR(INDEX(TICKETS_DATASET!$G$2:$G$301,MATCH($A10,TICKETS_DATASET!$A$2:$A$301,0)),"") | J10: =IFERROR(INDEX(TICKETS_DATASET!$D$2:$D$301,MATCH($A10,TICKETS_DATASET!$A$2:$A$301,0)),"") | K10: =IFERROR(INDEX(TICKETS_DATASET!$E$2:$E$301,MATCH($A10,TICKETS_DATASET!$A$2:$A$301,0)),"") | L10: =IF($A10="","",IF($B10=$I10,1,0)) | M10: =IF($A10="","",IF(AND($C10=$J10,$D10=$K10),1,0)) | N10: =IF($A10="","",IFERROR(IF(INDEX(TICKETS_DATASET!$J$2:$J$301,MATCH($A10,TICKETS_DATASET!$A$2:$A$301,0))="ambigu",1,0),0)) | O10: =IF($A10="","",IF(OR($G10<>"",$L10=0,$M10=0),1,0))
I11: =IFERROR(INDEX(TICKETS_DATASET!$G$2:$G$301,MATCH($A11,TICKETS_DATASET!$A$2:$A$301,0)),"") | J11: =IFERROR(INDEX(TICKETS_DATASET!$D$2:$D$301,MATCH($A11,TICKETS_DATASET!$A$2:$A$301,0)),"") | K11: =IFERROR(INDEX(TICKETS_DATASET!$E$2:$E$301,MATCH($A11,TICKETS_DATASET!$A$2:$A$301,0)),"") | L11: =IF($A11="","",IF($B11=$I11,1,0)) | M11: =IF($A11="","",IF(AND($C11=$J11,$D11=$K11),1,0)) | N11: =IF($A11="","",IFERROR(IF(INDEX(TICKETS_DATASET!$J$2:$J$301,MATCH($A11,TICKETS_DATASET!$A$2:$A$301,0))="ambigu",1,0),0)) | O11: =IF($A11="","",IF(OR($G11<>"",$L11=0,$M11=0),1,0))
I12: =IFERROR(INDEX(TICKETS_DATASET!$G$2:$G$301,MATCH($A12,TICKETS_DATASET!$A$2:$A$301,0)),"") | J12: =IFERROR(INDEX(TICKETS_DATASET!$D$2:$D$301,MATCH($A12,TICKETS_DATASET!$A$2:$A$301,0)),"") | K12: =IFERROR(INDEX(TICKETS_DATASET!$E$2:$E$301,MATCH($A12,TICKETS_DATASET!$A$2:$A$301,0)),"") | L12: =IF($A12="","",IF($B12=$I12,1,0)) | M12: =IF($A12="","",IF(AND($C12=$J12,$D12=$K12),1,0)) | N12: =IF($A12="","",IFERROR(IF(INDEX(TICKETS_DATASET!$J$2:$J$301,MATCH($A12,TICKETS_DATASET!$A$2:$A$301,0))="ambigu",1,0),0)) | O12: =IF($A12="","",IF(OR($G12<>"",$L12=0,$M12=0),1,0))
I13: =IFERROR(INDEX(TICKETS_DATASET!$G$2:$G$301,MATCH($A13,TICKETS_DATASET!$A$2:$A$301,0)),"") | J13: =IFERROR(INDEX(TICKETS_DATASET!$D$2:$D$301,MATCH($A13,TICKETS_DATASET!$A$2:$A$301,0)),"") | K13: =IFERROR(INDEX(TICKETS_DATASET!$E$2:$E$301,MATCH($A13,TICKETS_DATASET!$A$2:$A$301,0)),"") | L13: =IF($A13="","",IF($B13=$I13,1,0)) | M13: =IF($A13="","",IF(AND($C13=$J13,$D13=$K13),1,0)) | N13: =IF($A13="","",IFERROR(IF(INDEX(TICKETS_DATASET!$J$2:$J$301,MATCH($A13,TICKETS_DATASET!$A$2:$A$301,0))="ambigu",1,0),0)) | O13: =IF($A13="","",IF(OR($G13<>"",$L13=0,$M13=0),1,0))
I14: =IFERROR(INDEX(TICKETS_DATASET!$G$2:$G$301,MATCH($A14,TICKETS_DATASET!$A$2:$A$301,0)),"") | J14: =IFERROR(INDEX(TICKETS_DATASET!$D$2:$D$301,MATCH($A14,TICKETS_DATASET!$A$2:$A$301,0)),"") | K14: =IFERROR(INDEX(TICKETS_DATASET!$E$2:$E$301,MATCH($A14,TICKETS_DATASET!$A$2:$A$301,0)),"") | L14: =IF($A14="","",IF($B14=$I14,1,0)) | M14: =IF($A14="","",IF(AND($C14=$J14,$D14=$K14),1,0)) | N14: =IF($A14="","",IFERROR(IF(INDEX(TICKETS_DATASET!$J$2:$J$301,MATCH($A14,TICKETS_DATASET!$A$2:$A$301,0))="ambigu",1,0),0)) | O14: =IF($A14="","",IF(OR($G14<>"",$L14=0,$M14=0),1,0))
I15: =IFERROR(INDEX(TICKETS_DATASET!$G$2:$G$301,MATCH($A15,TICKETS_DATASET!$A$2:$A$301,0)),"") | J15: =IFERROR(INDEX(TICKETS_DATASET!$D$2:$D$301,MATCH($A15,TICKETS_DATASET!$A$2:$A$301,0)),"") | K15: =IFERROR(INDEX(TICKETS_DATASET!$E$2:$E$301,MATCH($A15,TICKETS_DATASET!$A$2:$A$301,0)),"") | L15: =IF($A15="","",IF($B15=$I15,1,0)) | M15: =IF($A15="","",IF(AND($C15=$J15,$D15=$K15),1,0)) | N15: =IF($A15="","",IFERROR(IF(INDEX(TICKETS_DATASET!$J$2:$J$301,MATCH($A15,TICKETS_DATASET!$A$2:$A$301,0))="ambigu",1,0),0)) | O15: =IF($A15="","",IF(OR($G15<>"",$L15=0,$M15=0),1,0))
... I301: =IFERROR(INDEX(TICKETS_DATASET!$G$2:$G$301,MATCH($A301,TICKETS_DATASET!$A$2:$A$301,0)),"") | J301: =IFERROR(INDEX(TICKETS_DATASET!$D$2:$D$301,MATCH($A301,TICKETS_DATASET!$A$2:$A$301,0)),"") | K301: =IFERROR(INDEX(TICKETS_DATASET!$E$2:$E$301,MATCH($A301,TICKETS_DATASET!$A$2:$A$301,0)),"") | L301: =IF($A301="","",IF($B301=$I301,1,0)) | M301: =IF($A301="","",IF(AND($C301=$J301,$D301=$K301),1,0)) | N301: =IF($A301="","",IFERROR(IF(INDEX(TICKETS_DATASET!$J$2:$J$301,MATCH($A301,TICKETS_DATASET!$A$2:$A$301,0))="ambigu",1,0),0)) | O301: =IF($A301="","",IF(OR($G301<>"",$L301=0,$M301=0),1,0))

Sheet METRICS
A1: KPIs de backtest
A3: Metric | B3: Valeur | C3: Commentaire
A4: Tickets analysés | B4: =COUNTIF(RESULTAT_AGENT!A2:A301,"<>") | C4: Volume total rejoué
A5: Tool accuracy | B5: =IFERROR(AVERAGE(RESULTAT_AGENT!L2:L301),0) | C5: Taux de bon choix du tool
A6: Arguments accuracy | B6: =IFERROR(AVERAGE(RESULTAT_AGENT!M2:M301),0) | C6: Taux de bons arguments
A7: Temps moyen (sec) | B7: =IFERROR(AVERAGE(RESULTAT_AGENT!F2:F301),0) | C7: Temps moyen de bout en bout
A8: Erreurs exécution | B8: =COUNTIF(RESULTAT_AGENT!G2:G301,"<>") | C8: Erreurs techniques remontées
A9: Tickets ambigus | B9: =SUM(RESULTAT_AGENT!N2:N301) | C9: Tickets marqués ambigus dans le dataset
A10: Réponses à revoir | B10: =SUM(RESULTAT_AGENT!O2:O301) | C10: Tickets à revoir manuellement
A13: Matrice de confusion simple
A15: Attendu \ Prédit | B15: extract_nav | C15: compute_pnl | D15: none
A16: extract_nav | B16: =COUNTIFS(RESULTAT_AGENT!$I$2:$I$301,$A16,RESULTAT_AGENT!$B$2:$B$301,B$15) | C16: =COUNTIFS(RESULTAT_AGENT!$I$2:$I$301,$A16,RESULTAT_AGENT!$B$2:$B$301,C$15) | D16: =COUNTIFS(RESULTAT_AGENT!$I$2:$I$301,$A16,RESULTAT_AGENT!$B$2:$B$301,D$15)
A17: compute_pnl | B17: =COUNTIFS(RESULTAT_AGENT!$I$2:$I$301,$A17,RESULTAT_AGENT!$B$2:$B$301,B$15) | C17: =COUNTIFS(RESULTAT_AGENT!$I$2:$I$301,$A17,RESULTAT_AGENT!$B$2:$B$301,C$15) | D17: =COUNTIFS(RESULTAT_AGENT!$I$2:$I$301,$A17,RESULTAT_AGENT!$B$2:$B$301,D$15)
A18: none | B18: =COUNTIFS(RESULTAT_AGENT!$I$2:$I$301,$A18,RESULTAT_AGENT!$B$2:$B$301,B$15) | C18: =COUNTIFS(RESULTAT_AGENT!$I$2:$I$301,$A18,RESULTAT_AGENT!$B$2:$B$301,C$15) | D18: =COUNTIFS(RESULTAT_AGENT!$I$2:$I$301,$A18,RESULTAT_AGENT!$B$2:$B$301,D$15)
A21: Répartition des tools choisis
A22: Tool | B22: Nb tickets
A23: extract_nav | B23: =COUNTIF(RESULTAT_AGENT!$B$2:$B$301,A23)
A24: compute_pnl | B24: =COUNTIF(RESULTAT_AGENT!$B$2:$B$301,A24)
A25: none | B25: =COUNTIF(RESULTAT_AGENT!$B$2:$B$301,A25)
